<?xml version="1.0"?>
<cloudbees-web-app xmlns="http://www.cloudbees.com/xml/webapp/1">

	<resource name="jdbc/reportaspotdev" auth="Container"
	 type="javax.sql.DataSource">
		<param name="username" value="reportaspotdev2" />
 		<param name="password" value="wizni123" />
 		<param name="url" value="jdbc:cloudbees://reportaspotdev2" />

		<!-- Connection Pool settings -->
		<param name="maxActive" value="100" />
		<param name="maxIdle" value="2" />
		<param name="maxWait" value="10000" />
		<param name="removeAbandoned" value="true" />
		<param name="removeAbandonedTimeout" value="60" />
		<param name="logAbandoned" value="true" />

		<!-- Avoid idle database timeouts (for low-usage apps) -->
		<param name="validationQuery" value="SELECT 1" />
		<param name="testOnBorrow" value="true" />
	</resource>

</cloudbees-web-app>
