<?xml version="1.0" encoding="UTF-8" ?>
<!DOCTYPE tiles-definitions PUBLIC
       "-//Apache Software Foundation//DTD Tiles Configuration 2.0//EN"
       "http://tiles.apache.org/dtds/tiles-config_2_0.dtd">
<tiles-definitions>
    <definition name="base.definition"
        template="/WEB-INF/jsp/layout.jsp">
        <put-attribute name="title" value="Report A Spot" />
        <put-attribute name="header" value="/WEB-INF/jsp/header.jsp" />
        <put-attribute name="body" value="" />
        <put-attribute name="footer" value="/WEB-INF/jsp/footer.jsp" />
    </definition>

    <definition name="basicDef" template="/WEB-INF/jsp/singlelayout.jsp">
    	<put-attribute name="body" value="" />
    </definition>

    <definition name="login" extends="basicDef">
        <put-attribute name="title" value="Report A Spot" />
        <put-attribute name="body" value="/WEB-INF/jsp/login.jsp" />
    </definition>
    
    <definition name="notification" extends="basicDef">
        <put-attribute name="title" value="Report A Spot" />
        <put-attribute name="body" value="/WEB-INF/jsp/notification.jsp" />
    </definition>

    <definition name="home" extends="base.definition">
        <put-attribute name="title" value="Report A Spot" />
        <put-attribute name="body" value="/WEB-INF/jsp/home.jsp" />
    </definition>

     <definition name="mapview" extends="base.definition">
        <put-attribute name="title" value="Report A Spot" />
        <put-attribute name="body" value="/WEB-INF/jsp/map.jsp" />
    </definition>

    <definition name="reportissue" extends="base.definition">
        <put-attribute name="title" value="Report A Spot" />
        <put-attribute name="body" value="/WEB-INF/jsp/reportissue.jsp" />
    </definition>

 	<definition name="showreport" extends="base.definition">
        <put-attribute name="title" value="Report A Spot" />
        <put-attribute name="body" value="/WEB-INF/jsp/showreport.jsp" />
    </definition>

    <definition name="comments" extends="basicDef">
        <put-attribute name="body" value="/WEB-INF/jsp/comments.jsp" />
    </definition>

    <definition name="error" extends="base.definition">
        <put-attribute name="title" value="Report A Spot" />
        <put-attribute name="body" value="/WEB-INF/jsp/error.jsp" />
    </definition>

     <definition name="hightest" extends="base.definition">
        <put-attribute name="title" value="Report A Spot" />
        <put-attribute name="body" value="/WEB-INF/jsp/highchartstest.jsp" />
    </definition>

    <definition name="issuesAjaxLoad" extends="basicDef">
        <put-attribute name="body" value="/WEB-INF/jsp/ajax/issues_ajax.jsp" />
    </definition>

    <!-- Defining Sectors. -->
    <definition name="sectorSelect" extends="base.definition">
        <put-attribute name="title" value="Report A Spot" />
        <put-attribute name="body" value="/WEB-INF/jsp/sectorSelect.jsp" />
    </definition>

</tiles-definitions>
