<?xml version="1.0" encoding="UTF-8"?>
<!--
	Application context definition for PetClinic Datasource.
-->
<beans xmlns="http://www.springframework.org/schema/beans" xmlns:xsi="http://www.w3.org/2001/XMLSchema-instance"
		xmlns:p="http://www.springframework.org/schema/p"
		xmlns:context="http://www.springframework.org/schema/context"
		xmlns:jdbc="http://www.springframework.org/schema/jdbc"
		xmlns:jee="http://www.springframework.org/schema/jee"
		xsi:schemaLocation="
			http://www.springframework.org/schema/beans http://www.springframework.org/schema/beans/spring-beans.xsd
			http://www.springframework.org/schema/context http://www.springframework.org/schema/context/spring-context.xsd
			http://www.springframework.org/schema/jdbc http://www.springframework.org/schema/jdbc/spring-jdbc.xsd
			http://www.springframework.org/schema/jee http://www.springframework.org/schema/jee/spring-jee-3.0.xsd">

	<!-- ========================= DATASOURCE DEFINITION ========================= -->

	<!-- DataSource configuration for Apache Commons DBCP. -->

	<beans profile="sasas">
		<bean id="dataSource" class="org.apache.commons.dbcp.BasicDataSource" destroy-method="close"
			p:driverClassName="${jdbc.driverClassName}" p:url="${jdbc.url}" p:maxActive="100" p:maxIdle="2" p:maxWait="10000" p:removeAbandoned="true" p:removeAbandonedTimeout="60" p:logAbandoned="true"
			p:testOnBorrow="true" p:username="${jdbc.username}" p:password="${jdbc.password}"  />
			<bean id="jpaVendorAdapter" class="org.springframework.orm.jpa.vendor.HibernateJpaVendorAdapter"
					p:database="${jpa.database}" p:showSql="${jpa.showSql}" p:generateDdl="${jpa.generateDDL}"/>
	</beans>
	
	<beans profile="oracle">
		<bean id="dataSource" class="org.apache.commons.dbcp.BasicDataSource" destroy-method="close"
			p:driverClassName="${jdbc.driverClassName}" p:url="${jdbc.url}" p:maxActive="100" p:maxIdle="2" p:maxWait="10000" p:removeAbandoned="true" p:removeAbandonedTimeout="60" p:logAbandoned="true"
			p:testOnBorrow="true" p:username="${jdbc.username}" p:password="${jdbc.password}"  />
			<bean id="jpaVendorAdapter" class="org.springframework.orm.jpa.vendor.HibernateJpaVendorAdapter"
					p:database="${jpa.database}" p:showSql="${jpa.showSql}" p:generateDdl="${jpa.generateDDL}"/>
	</beans>

	<beans profile="himanshu">
		<bean id="dataSource" class="org.apache.commons.dbcp.BasicDataSource" destroy-method="close"
			p:driverClassName="${jdbc.himanshu.driverClassName}" p:url="${jdbc.himanshu.url}" p:maxActive="100" p:maxIdle="2" p:maxWait="10000" p:removeAbandoned="true" p:removeAbandonedTimeout="60" p:logAbandoned="true"
			p:validationQuery="SELECT 1" p:testOnBorrow="true" p:username="${jdbc.himanshu.username}" p:password="${jdbc.himanshu.password}"  />
			<bean id="jpaVendorAdapter" class="org.springframework.orm.jpa.vendor.HibernateJpaVendorAdapter"
					p:database="${jpa.database}" p:showSql="${jpa.showSql}" p:generateDdl="${jpa.generateDDL}"/>
	</beans>

	<beans profile="harish">
		<bean id="dataSource" class="org.apache.commons.dbcp.BasicDataSource" destroy-method="close"
			p:driverClassName="${jdbc.harish.driverClassName}" p:url="${jdbc.harish.url}" p:maxActive="100" p:maxIdle="2" p:maxWait="10000" p:removeAbandoned="true" p:removeAbandonedTimeout="60" p:logAbandoned="true"
			p:validationQuery="SELECT 1" p:testOnBorrow="true" p:username="${jdbc.harish.username}" p:password="${jdbc.harish.password}"  />
			<bean id="jpaVendorAdapter" class="org.springframework.orm.jpa.vendor.HibernateJpaVendorAdapter"
					p:database="${jpa.database}" p:showSql="${jpa.showSql}" p:generateDdl="${jpa.generateDDL}"/>
	</beans>


	<beans profile="abhishek">
		<bean id="dataSource" class="org.apache.commons.dbcp.BasicDataSource" destroy-method="close"
			p:driverClassName="${jdbc.abhishek.driverClassName}" p:url="${jdbc.abhishek.url}" p:maxActive="100" p:maxIdle="2" p:maxWait="10000" p:removeAbandoned="true" p:removeAbandonedTimeout="60" p:logAbandoned="true"
			p:validationQuery="SELECT 1" p:testOnBorrow="true" p:username="${jdbc.abhishek.username}" p:password="${jdbc.abhishek.password}"  />
			<bean id="jpaVendorAdapter" class="org.springframework.orm.jpa.vendor.HibernateJpaVendorAdapter"
					p:database="${jpa.database}" p:showSql="${jpa.showSql}" p:generateDdl="${jpa.generateDDL}"/>
	</beans>

	<beans profile="junit">
		<bean id="dataSource" class="org.apache.commons.dbcp.BasicDataSource" destroy-method="close"
			p:driverClassName="${jdbc.junit.driverClassName}" p:url="${jdbc.junit.url}" p:maxActive="10" p:maxIdle="2" p:maxWait="10000" p:removeAbandoned="true" p:removeAbandonedTimeout="60" p:logAbandoned="true"
			p:validationQuery="SELECT 1" p:testOnBorrow="true" p:username="${jdbc.junit.username}" p:password="${jdbc.junit.password}"  />

			<bean id="jpaVendorAdapter" class="org.springframework.orm.jpa.vendor.HibernateJpaVendorAdapter"
					p:database="${jpa.junit.database}" p:showSql="${jpa.junit.showSql}" p:generateDdl="${jpa.junit.generateDDL}"/>

			<bean id="initDB" class="com.wizni.storage.InitializeDatabase"></bean>
	</beans>


	<!-- JNDI DataSource for JEE environments -->
	<beans profile="default">
		<jee:jndi-lookup id="dataSource" jndi-name="java:comp/env/jdbc/wizspotlight"/>
	</beans>
	<!-- Database initializer. If any of the script fails, the initialization stops. -->
	<!-- As an alternative, for embedded databases see <jdbc:embedded-database/>. -->
	<!-- <jdbc:initialize-database data-source="dataSource">
		<jdbc:script location="${jdbc.initLocation}"/>
		<jdbc:script location="${jdbc.dataLocation}"/>
	</jdbc:initialize-database> -->

</beans>