<?xml version="1.0" encoding="UTF-8"?>
<!DOCTYPE log4j:configuration SYSTEM "http://logging.apache.org/log4j/1.2/apidocs/org/apache/log4j/xml/doc-files/log4j.dtd">
<log4j:configuration xmlns:log4j="http://jakarta.apache.org/log4j/">

	<!-- Appenders -->
	<appender name="console" class="org.apache.log4j.ConsoleAppender">
		<param name="Target" value="System.out" />
		<layout class="org.apache.log4j.PatternLayout">
			<param name="ConversionPattern" value="%r [%d{HH:mm:ss,SSS}] [%t][%L] %-5p : %c - %m%n" />
		</layout>
	</appender>

	<!-- Application Loggers -->
	<logger name="com.wizni.reportaspot">
		<level value="info" />
	</logger>

	<!-- 3rdparty Loggers -->
	<logger name="org.springframework.core">
		<level value="info" />
	</logger>

	<logger name="org.springframework.beans">
		<level value="info" />
	</logger>

	<logger name="org.apache.http.wire">
		<level value="error" />
	</logger>

	<logger name="org.springframework.data.redis">
		<level value="debug" />
	</logger>

	<category name="org.apache.commons.httpclient.wire">
		<priority value="debug" />
	</category>
	<category name="org.apache.commons.httpclient.wire.header">
		<priority value="debug" />
	</category>
	<category name="org.apache.commons.httpclient.wire.content">
		<priority value="debug" />
	</category>

	<logger name="org.springframework.context">
		<level value="info" />
	</logger>

	<logger name="org.springframework.web">
		<level value="info" />
	</logger>

	<!-- Root Logger -->
	<root>
		<priority value="warn" />
		<appender-ref ref="console" />
	</root>

</log4j:configuration>
