<?xml version="1.0" encoding="UTF-8"?>
<!DOCTYPE log4j:configuration SYSTEM "log4j.dtd">
<log4j:configuration debug = "true" xmlns:log4j = "http://jakarta.apache.org/log4j/">

    <appender name = "SPOTLIGHT_APP_LOG" class = "org.apache.log4j.RollingFileAppender">
        <param name = "File" value = "D:/Temp/logs/CustomerService.log"/>
        <param name = "Append" value = "true"/>
        <param name = "MaxFileSize" value = "10000KB"/>
        <param name = "MaxBackupIndex" value = "10"/>
        <layout class = "org.apache.log4j.PatternLayout">
            <param name = "ConversionPattern" value = "%d{DATE} %-5p %-15c{1}: %m%n"/>
        </layout>
    </appender>

    <appender name = "SPOTLIGHT_SOAP_LOG" class = "org.apache.log4j.RollingFileAppender">
        <param name = "File" value = "D:/Temp/logs/EIAppLog.log"/>
        <param name = "Append" value = "true"/>
        <param name = "MaxFileSize" value = "10000KB"/>
        <param name = "MaxBackupIndex" value = "10"/>
        <layout class = "org.apache.log4j.PatternLayout">
            <param name = "ConversionPattern" value = "%d{DATE} %m%n"/>
        </layout>
    </appender>
    
    <appender name = "ERRORLOGFILE" class = "org.apache.log4j.RollingFileAppender">
        <param name = "File" value = "D:/Temp/logs/ErrorLog.log"/>
        <param name = "Append" value = "true"/>
        <param name = "MaxFileSize" value = "10000KB"/>
        <param name = "MaxBackupIndex" value = "10"/>
        <layout class = "org.apache.log4j.PatternLayout">
            <param name = "ConversionPattern" value = "%d{DATE} %-5p %-15c{1}: %m%n"/>
        </layout>
    </appender>
    
    <!--08/27: This appender is used for the new LogHelperImpl class.  The providerUrl needs to be changed
    per environment to make sure that the messages are being sent to the correct log box.   -->

      <category name = "com.wizni.reportaspot">
        <priority value = "debug"/>
        <appender-ref ref = "SPOTLIGHT_APP_LOG"/>
    </category>
      
	
	<category name="org.springframework.ws.client.MessageTracing">
		<priority value = "trace"/>
        <appender-ref ref = "SPOTLIGHT_SOAP_LOG"/>
	</category>
    
    <root>
        <priority value = "error"/>
        <appender-ref ref = "ERRORLOGFILE"/>
    </root>
    
</log4j:configuration>
