<?xml version="1.0" encoding="UTF-8"?>
<!DOCTYPE log4j:configuration SYSTEM "http://logging.apache.org/log4j/1.2/apidocs/org/apache/log4j/xml/doc-files/log4j.dtd">
<log4j:configuration xmlns:log4j="http://jakarta.apache.org/log4j/">

	<!-- Appenders -->
	<appender name="console" class="org.apache.log4j.ConsoleAppender">
		<param name="Target" value="System.out" />
		<layout class="org.apache.log4j.PatternLayout">
			<param name="ConversionPattern" value="%r [%d{HH:mm:ss,SSS}] [%t][%L] %-5p : %c - %m%n" />
		</layout>
	</appender>

	<!-- Application Loggers -->
	<logger name="com.wizni.reportaspot">
		<level value="debug" />
	</logger>

	<logger name="org.apache.http.wire">
		<level value="error" />
	</logger>
	<logger name="com">
		<!-- Print only messages of level warn or above in the package com.foo -->
		<level value="warn" />
	</logger>
	<logger name="org">
		<!-- Print only messages of level warn or above in the package com.foo -->
		<level value="warn" />
	</logger>
	<!-- Uncomment the following to put trace logs on for Parameter Logging. -->
	<!-- <logger name="org.hibernate.type">
		Print only messages of level warn or above in the package com.foo
		<level value="trace" />
	</logger> -->
	<logger name="net">
		<!-- Print only messages of level warn or above in the package com.foo -->
		<level value="warn" />
	</logger>
	<logger name="org.springframework.ws.client.MessageTracing">
		<!-- Print only messages of level warn or above in the package com.foo -->
		<level value="TRACE" />
	</logger>
	

	<!-- Root Logger -->
	<root>
		<level value="debug"></level>
		<appender-ref ref="console" />
	</root>

</log4j:configuration>
