<?xml version="1.0" encoding="UTF-8"?>
<beans:beans xmlns="http://www.springframework.org/schema/mvc"
	xmlns:xsi="http://www.w3.org/2001/XMLSchema-instance" xmlns:beans="http://www.springframework.org/schema/beans"
	xmlns:context="http://www.springframework.org/schema/context"
	xmlns:jpa="http://www.springframework.org/schema/data/jpa" xmlns:mvc="http://www.springframework.org/schema/mvc"
	xmlns:task="http://www.springframework.org/schema/task" xmlns:aop="http://www.springframework.org/schema/aop"
	xsi:schemaLocation="http://www.springframework.org/schema/mvc http://www.springframework.org/schema/mvc/spring-mvc-3.0.xsd
		http://www.springframework.org/schema/beans http://www.springframework.org/schema/beans/spring-beans-3.0.xsd
		http://www.springframework.org/schema/context http://www.springframework.org/schema/context/spring-context-3.0.xsd
		 http://www.springframework.org/schema/data/jpa http://www.springframework.org/schema/data/jpa/spring-jpa.xsd
		http://www.springframework.org/schema/task http://www.springframework.org/schema/task/spring-task.xsd
		http://www.springframework.org/schema/aop http://www.springframework.org/schema/aop/spring-aop.xsd">

	<!-- DispatcherServlet Context: defines this servlet's request-processing
		infrastructure -->

	<!-- Enables the Spring MVC @Controller programming model -->
	<annotation-driven />

	<aop:aspectj-autoproxy />

	<!-- Handles HTTP GET requests for /resources/** by efficiently serving
		up static resources in the ${webappRoot}/resources directory -->
	<resources mapping="/resources/**" location="/resources/"
		cache-period="2592000" />

	<resources mapping="/admin/resources/**" location="/resources/"
		cache-period="2592000" />

	<resources mapping="/bootstrap/resources/**" location="/resources/"
		cache-period="2592000" />

	<resources mapping="/novadmin/resources/**" location="/resources/"
		cache-period="2592000" />

	<resources mapping="/novadmin/images/**" location="/resources/themes/novadmin/images/"
		cache-period="2592000" />

	<beans:bean id="viewResolver"
		class="org.springframework.web.servlet.view.UrlBasedViewResolver">
		<beans:property name="viewClass">
			<beans:value>
				org.springframework.web.servlet.view.tiles2.TilesView
			</beans:value>
		</beans:property>
	</beans:bean>



	<beans:bean id="tilesConfigurer"
		class="org.springframework.web.servlet.view.tiles2.TilesConfigurer">
		<beans:property name="definitions">
			<beans:list>
				<beans:value>/WEB-INF/tiles.xml</beans:value>
				<beans:value>/WEB-INF/tiles/admin-tiles.xml</beans:value>
				<beans:value>/WEB-INF/tiles/bootstrap-tiles.xml</beans:value>
				<beans:value>/WEB-INF/tiles/novadmin-tiles.xml</beans:value>
			</beans:list>
		</beans:property>
	</beans:bean>

	<beans:bean
		class="org.springframework.web.servlet.handler.SimpleMappingExceptionResolver">
		<beans:property name="exceptionMappings">
			<beans:props>
				<beans:prop key="java.lang.Exception">error</beans:prop>
			</beans:props>
		</beans:property>
		<beans:property name="warnLogCategory" value="com.wizni.reportaspot"></beans:property>
	</beans:bean>

	<interceptors>
		<mvc:interceptor>
			<mvc:mapping path="/**" />
			<beans:bean
				class="com.wizni.reportaspot.admin.interceptors.ReportASpotInterceptor" />
		</mvc:interceptor>

	</interceptors>

	<beans:bean id="messageSource"
		class="org.springframework.context.support.ResourceBundleMessageSource">
		<beans:property name="basenames">
			<beans:list>
				<beans:value>/resources/locale/messages</beans:value>
			</beans:list>
		</beans:property>
	</beans:bean>

	<beans:bean id="themeSource"
		class="org.springframework.ui.context.support.ResourceBundleThemeSource">
		<beans:property name="basenamePrefix" value="themeproperties.theme-" />
	</beans:bean>

	<beans:bean id="themeResolver"
		class="org.springframework.web.servlet.theme.SessionThemeResolver">
		<beans:property name="defaultThemeName" value="default" />
	</beans:bean>
	
	<beans:bean id="multipartResolver"
		class="org.springframework.web.multipart.commons.CommonsMultipartResolver">
		<!-- one of the properties available; the maximum file size in bytes -->
		<beans:property name="maxUploadSize" value="20000000" />
	</beans:bean>

	<context:component-scan base-package="com.wizni" />

	<task:annotation-driven executor="myExecutor"
		scheduler="myScheduler" />

	<task:executor id="myExecutor" pool-size="3" />

	<task:scheduler id="myScheduler" pool-size="3" />

</beans:beans>