<?xml version="1.0" encoding="UTF-8"?>
<SEARCH_BY_PHONE_EAI_RETURN>
	<MESSAGEID>EAITST0001</MESSAGEID>
	<INTERFACENAME>ALSEARCHBYPHONE</INTERFACENAME>
	<STATUS_CODE>0</STATUS_CODE>
	<ERROR_MESSAGE />
	<POSSIBLE_ACCOUNTS>
		<CIS_ACCT_ID>5858612545</CIS_ACCT_ID>
		<CIS_ACCT_CHECK_DIGIT>0</CIS_ACCT_CHECK_DIGIT>
		<CIS_PREMISE_ID>1223328636</CIS_PREMISE_ID>
		<CIS_PREMISE_TYPE_CD>MH PARK</CIS_PREMISE_TYPE_CD>
		<CIS_PREMISE_STREET_ADDRESS1>10235 LARKIN RD
		</CIS_PREMISE_STREET_ADDRESS1>
		<CIS_PREMISE_STREET_ADDRESS2 />
	</POSSIBLE_ACCOUNTS>
</SEARCH_BY_PHONE_EAI_RETURN> 
