<?xml version="1.0" encoding="UTF-8"?>
<RETRIEVEOUTAGEIVREAIOUTPUT>
   <STATUSHEADER>
      <STATUSCODE>0</STATUSCODE>
      <ERRORMESSAGE/>
   </STATUSHEADER>
   <BODY>
      <MESSAGEID></MESSAGEID>
      <INTERFACENAME> </INTERFACENAME>
      <CISSERVICEPOINTID>1979848305</CISSERVICEPOINTID>
      <CISTRANSFORMER>315558453844</CISTRANSFORMER>
      <CISELECTRICPHASE>1</CISELECTRICPHASE>
      <CISAMISTATUS>30</CISAMISTATUS>
      <CISMETERREADROUTE>BJG78SM</CISMETERREADROUTE>
      <CISROTATINGOUTAGEBLOCK>10G</CISROTATINGOUTAGEBLOCK>
      <CISOPERATIONSAREA>JG</CISOPERATIONSAREA>
      <CISSERVICECITY>CONCORD</CISSERVICECITY>
      <INELIGIBLEREASON/>
      <OUTOUTAGENUMBER>712115</OUTOUTAGENUMBER>
      <OUTSTATUS>6</OUTSTATUS>
      <OUTCREWSTATUS>4</OUTCREWSTATUS>
      <OUTCREWETA>20101101</OUTCREWETA>
      <OUTOUTAGESTART>20101101</OUTOUTAGESTART>
      <OUTETOR>20101101</OUTETOR>
      <OUTETOREND>20101101</OUTETOREND>
      <OUTETORUPDATE>20101101</OUTETORUPDATE>
      <OUTCAUSECODE>1</OUTCAUSECODE>
      <OUTOUTAGEEXTENT>SERVICE TRANSFORMER</OUTOUTAGEEXTENT>
      <OUTEMERGENCYLEVEL>_</OUTEMERGENCYLEVEL>
   </BODY>
</RETRIEVEOUTAGEIVREAIOUTPUT>
