<?xml version="1.0" encoding="UTF-8" ?>
<!DOCTYPE tiles-definitions PUBLIC
       "-//Apache Software Foundation//DTD Tiles Configuration 2.0//EN"
       "http://tiles.apache.org/dtds/tiles-config_2_0.dtd">
<tiles-definitions>
    <!-- Admin Tiles XML Definition. -->

     <definition name="admin.base.definition"
        template="/WEB-INF/jsp/admin/layout.jsp">
        <put-attribute name="title" value="Wizni Report-a-Spot" />
        <put-attribute name="header" value="/WEB-INF/jsp/admin/header.jsp" />
        <put-attribute name="body" value="" />
        <put-attribute name="footer" value="/WEB-INF/jsp/admin/footer.jsp" />
    </definition>

    <definition name="admin.base.issueDetail.definition"
        template="/WEB-INF/jsp/admin/noCount_layout.jsp">
        <put-attribute name="title" value="Wizni Report-a-Spot" />
        <put-attribute name="header" value="/WEB-INF/jsp/admin/header.jsp" />
        <put-attribute name="body" value="" />
        <put-attribute name="footer" value="/WEB-INF/jsp/admin/footer.jsp" />
    </definition>

    <definition name="admin.base.submenu.definition"
        template="/WEB-INF/jsp/admin/subMenuLayout.jsp">
        <put-attribute name="title" value="Wizni Report-a-Spot" />
        <put-attribute name="header" value="/WEB-INF/jsp/admin/header.jsp" />
        <put-attribute name="subMenu" value="/WEB-INF/jsp/admin/subMenu.jsp" />
        <put-attribute name="body" value="" />
        <put-attribute name="footer" value="/WEB-INF/jsp/admin/footer.jsp" />
    </definition>

      <definition name="admin.base.submenu.alerts.definition"
        template="/WEB-INF/jsp/admin/subMenuLayout.jsp">
        <put-attribute name="title" value="Wizni Report-a-Spot" />
        <put-attribute name="header" value="/WEB-INF/jsp/admin/header.jsp" />
        <put-attribute name="subMenu" value="/WEB-INF/jsp/admin/subMenuAlert.jsp" />
        <put-attribute name="body" value="" />
        <put-attribute name="footer" value="/WEB-INF/jsp/admin/footer.jsp" />
    </definition>

    <definition name="adminIssuesAjaxLoad" extends="basicDef">
        <put-attribute name="body" value="/WEB-INF/jsp/admin/ajax/issues_ajax.jsp" />
    </definition>

    <!-- For Grid View Showing Issues. -->
    <definition name="gridViewIssues" extends="admin.base.definition">
        <put-attribute name="title" value="Wizni Report-a-Spot" />
        <put-attribute name="isdateneeded" value="/WEB-INF/jsp/admin/dateFilter.jsp" />
        <put-attribute name="commonIssueCount" value="/WEB-INF/jsp/admin/newCommonIssueCount.jsp" />
        <put-attribute name="issueForm" value="/WEB-INF/jsp/admin/issuesForm.jsp" />
        <put-attribute name="body" value="/WEB-INF/jsp/admin/gridViewIssues.jsp" />
    </definition>

    <!-- For Grid View Showing Issues. -->
    <definition name="showAdminReport" extends="admin.base.issueDetail.definition">
        <put-attribute name="title" value="Wizni Report-a-Spot" />
        <put-attribute name="body" value="/WEB-INF/jsp/admin/issueDetailsViewPage.jsp" />
    </definition>

    <definition name="showViewErrorPage" extends="admin.base.issueDetail.definition">
        <put-attribute name="title" value="Wizni Report-a-Spot" />
        <put-attribute name="body" value="/WEB-INF/jsp/admin/issueDetailsErrorPage.jsp" />
    </definition>

     <definition name="adminComments" extends="basicDef">
        <put-attribute name="body" value="/WEB-INF/jsp/admin/adminComments.jsp" />
    </definition>

    <!-- Definition for common dropdown for map,grid and graph view -->

     <definition name="commonDropDownMenu" extends="basicDef">
        <put-attribute name="body" value="/WEB-INF/jsp/admin/commonDropDownMenu.jsp" />
    </definition>


     <!-- For MAP View Showing Issues. -->
    <definition name="mapViewIssues" extends="admin.base.definition">
        <put-attribute name="title" value="Wizni Report-a-Spot" />
        <put-attribute name="isdateneeded" value="/WEB-INF/jsp/admin/dateFilter.jsp" />
        <put-attribute name="commonIssueCount" value="/WEB-INF/jsp/admin/newCommonIssueCount.jsp" />
        <put-attribute name="issueForm" value="/WEB-INF/jsp/admin/issuesForm.jsp" />
        <put-attribute name="body" value="/WEB-INF/jsp/admin/mapView.jsp" />
    </definition>

      <!-- For Graph View Showing Issues. -->
    <definition name="graphViewIssues" extends="admin.base.definition">
        <put-attribute name="title" value="Wizni Report-a-Spot" />
        <put-attribute name="isdateneeded" value="/WEB-INF/jsp/admin/dateFilter.jsp" />
        <put-attribute name="commonIssueCount" value="/WEB-INF/jsp/admin/newCommonIssueCount.jsp" />
        <put-attribute name="issueForm" value="/WEB-INF/jsp/admin/issuesForm.jsp" />
        <put-attribute name="body" value="/WEB-INF/jsp/admin/graphViewIssues.jsp" />
    </definition>

    <!-- For Showing Admin Alerts Notifications. -->
     <definition name="showAdminAlerts" extends="admin.base.submenu.alerts.definition">
        <put-attribute name="body" value="/WEB-INF/jsp/admin/showNotifications.jsp" />
    </definition>

     <!-- For Showing Admin Alerts Notifications. -->
     <definition name="addAdminAlert" extends="admin.base.submenu.alerts.definition">
        <put-attribute name="body" value="/WEB-INF/jsp/admin/addNotifications.jsp" />
    </definition>

     <!-- For Showing Admin Alerts Notifications. -->
     <definition name="showAdminAlertAudits" extends="admin.base.submenu.alerts.definition">
        <put-attribute name="body" value="/WEB-INF/jsp/admin/showAdminAudits.jsp" />
    </definition>

    <!-- For Showing Administration tab  -->
    <definition name="showCategory" extends="admin.base.submenu.definition">
        <put-attribute name="body" value="/WEB-INF/jsp/admin/category.jsp" />
    </definition>
    <definition name="showLineOfBusiness" extends="admin.base.submenu.definition">
        <put-attribute name="body" value="/WEB-INF/jsp/admin/lineOfBusiness.jsp" />
    </definition>
    <definition name="showRegion" extends="admin.base.submenu.definition">
        <put-attribute name="body" value="/WEB-INF/jsp/admin/region.jsp" />
    </definition>
    <definition name="showAdminUsers" extends="admin.base.submenu.definition">
        <put-attribute name="body" value="/WEB-INF/jsp/admin/adminUsers.jsp" />
    </definition>
    <definition name="showRoles" extends="admin.base.submenu.definition">
        <put-attribute name="body" value="/WEB-INF/jsp/admin/roles.jsp" />
    </definition>
    <definition name="showRegionMap" extends="basicDef">
        <put-attribute name="body" value="/WEB-INF/jsp/admin/regionMap.jsp" />
    </definition>

    <!-- For Dynamic Files Display. -->
     <definition name="showDynamicRules" extends="admin.base.submenu.definition">
        <put-attribute name="body" value="/WEB-INF/jsp/admin/dynamicRules.jsp" />
    </definition>
    <definition name="showConfigurations" extends="admin.base.submenu.definition">
        <put-attribute name="body" value="/WEB-INF/jsp/admin/configurations.jsp" />
    </definition>
</tiles-definitions>
