<?xml version="1.0" encoding="UTF-8" ?>
<!DOCTYPE tiles-definitions PUBLIC
       "-//Apache Software Foundation//DTD Tiles Configuration 2.0//EN"
       "http://tiles.apache.org/dtds/tiles-config_2_0.dtd">
<tiles-definitions>
   <!--  <definition name="base.definition"
        template="/WEB-INF/jsp/layout.jsp">
        <put-attribute name="title" value="Report A Spot" />
        <put-attribute name="header" value="/WEB-INF/jsp/header.jsp" />
        <put-attribute name="body" value="" />
        <put-attribute name="footer" value="/WEB-INF/jsp/footer.jsp" />
    </definition> -->

    <definition name="basicDefBootStrap" template="/WEB-INF/jsp/bootstrap/basiclayout.jsp">
    	<put-attribute name="body" value="" />
    </definition>

    <definition name="bootstrapHome" extends="basicDefBootStrap">
        <put-attribute name="title" value="Report A Spot" />
        <put-attribute name="body" value="/WEB-INF/jsp/bootstrap/startup.jsp" />
    </definition>

</tiles-definitions>
