<?xml version="1.0" encoding="UTF-8" ?>
<!DOCTYPE tiles-definitions PUBLIC
       "-//Apache Software Foundation//DTD Tiles Configuration 2.0//EN"
       "http://tiles.apache.org/dtds/tiles-config_2_0.dtd">
<tiles-definitions>
    <definition name="novadmin.base.definition"
        template="/WEB-INF/jsp/novadmin/novLayout.jsp">
        <put-attribute name="title" value="Report A Spot" />
        <put-attribute name="header" value="/WEB-INF/jsp/novadmin/novHeader.jsp" />
        <put-attribute name="body" value="" />
    </definition>

	<definition name="novadmin.Home" extends="novadmin.base.definition">
        <put-attribute name="title" value="Report A Spot" />
        <put-attribute name="body" value="/WEB-INF/jsp/novadmin/novHome.jsp" />
    </definition>
    
    <definition name="novadmin.issueDetail" extends="novadmin.base.definition">
        <put-attribute name="title" value="Report A Spot" />
        <put-attribute name="body" value="/WEB-INF/jsp/novadmin/novIssueDetail.jsp" />
    </definition>

</tiles-definitions>
